timestamp,claim_id,claimant,policy,match_start,match_end,match_duration,video_id/url,body_text,raw_headers,sender_email
2025-08-20T12:00:17Z,C-100000,LabelAgent Co,monetize,282,294,12,vid_8970,Notice: Content identified via automated reference match. Monetization redirected.,X-Mailer: ClaimBot/1.4; Message-ID: <90qj9w9dbug5@claims.umg>,no-reply@claims.umg.example
2025-08-20T12:01:21Z,C-100001,UMG Rights Ops,track,537,540,3,vid_3968,Automated claim: match detected in your upload. Policy applied per rights holder.,X-Mailer: ClaimBot/1.4; Message-ID: <y5jeb40ojwbt@claims.umg>,no-reply@claims.umg.example
2025-08-20T12:02:12Z,C-100002,UMG Rights Ops,monetize,576,616,40,vid_1918,This is to inform you that content in your video matched our reference. Monetization status updated.,X-Mailer: ClaimBot/1.4; Message-ID: <pv7f3k8h88si@claims.umg>,no-reply@claims.umg.example
2025-08-20T12:03:25Z,C-100003,LabelAgent Co,monetize,249,309,60,vid_5353,Automated policy action based on content match. Please review claimed segments.,X-Mailer: ClaimBot/1.4; Message-ID: <rqz1zq5sw5gv@claims.umg>,no-reply@claims.umg.example
2025-08-20T12:04:03Z,C-100004,LabelAgent Co,monetize,445,453,8,vid_5974,Automated notification: content match detected. You may dispute if you believe this is fair use.,X-Mailer: ClaimBot/1.4; Message-ID: <w2e85krbpaoo@claims.umg>,no-reply@claims.umg.example
2025-08-20T12:05:21Z,C-100005,UMG Rights Ops,monetize,3,28,25,vid_2206,Notice: Content identified via automated reference match. Monetization redirected.,X-Mailer: ClaimBot/1.4; Message-ID: <wsmfdu8tvelq@claims.umg>,no-reply@claims.umg.example
2025-08-20T12:06:39Z,C-100006,UMG Rights Ops,monetize,297,357,60,vid_7652,Automated claim: match detected in your upload. Policy applied per rights holder.,X-Mailer: ClaimBot/1.4; Message-ID: <bs25mnufcrrv@claims.umg>,no-reply@claims.umg.example
2025-08-20T12:07:08Z,C-100007,UMG Rights Ops,track,176,194,18,vid_9550,This is to inform you that content in your video matched our reference. Monetization status updated.,X-Mailer: ClaimBot/1.4; Message-ID: <nqivr437evvt@claims.umg>,no-reply@claims.umg.example
2025-08-20T12:08:40Z,C-100008,LabelAgent Co,track,52,60,8,vid_8651,Automated policy action based on content match. Please review claimed segments.,X-Mailer: ClaimBot/1.4; Message-ID: <gl4gjn93iufk@claims.umg>,no-reply@claims.umg.example
2025-08-20T12:09:08Z,C-100009,UMG Rights Ops,track,148,153,5,vid_2329,Automated notification: content match detected. You may dispute if you believe this is fair use.,X-Mailer: ClaimBot/1.4; Message-ID: <71tlgdp7yjcb@claims.umg>,no-reply@claims.umg.example
2025-08-20T12:10:12Z,C-100010,UMG Automations LLC,monetize,170,178,8,vid_7885,Notice: Content identified via automated reference match. Monetization redirected.,X-Mailer: ClaimBot/1.4; Message-ID: <g2h9gpeonjxx@claims.umg>,no-reply@claims.umg.example
2025-08-20T12:11:08Z,C-100011,UMG Rights Ops,track,64,76,12,vid_2443,Automated claim: match detected in your upload. Policy applied per rights holder.,X-Mailer: ClaimBot/1.4; Message-ID: <voldn2w7jx3c@claims.umg>,no-reply@claims.umg.example
2025-08-20T12:12:33Z,C-100012,UMG Rights Ops,block,363,423,60,vid_6068,This is to inform you that content in your video matched our reference. Monetization status updated.,X-Mailer: ClaimBot/1.4; Message-ID: <vltdzyqbryoj@claims.umg>,no-reply@claims.umg.example
2025-08-20T12:13:18Z,C-100013,LabelAgent Co,monetize,573,613,40,vid_6845,Automated policy action based on content match. Please review claimed segments.,X-Mailer: ClaimBot/1.4; Message-ID: <z43uduo2udwt@claims.umg>,no-reply@claims.umg.example
2025-08-20T12:14:03Z,C-100014,UMG Automations LLC,monetize,514,519,5,vid_1884,Automated notification: content match detected. You may dispute if you believe this is fair use.,X-Mailer: ClaimBot/1.4; Message-ID: <asfqsbueam9q@claims.umg>,no-reply@claims.umg.example
2025-08-20T12:15:22Z,C-100015,LabelAgent Co,monetize,146,151,5,vid_8775,Notice: Content identified via automated reference match. Monetization redirected.,X-Mailer: ClaimBot/1.4; Message-ID: <ekzznvx3u2su@claims.umg>,no-reply@claims.umg.example
2025-08-20T12:16:15Z,C-100016,UMG Automations LLC,track,318,330,12,vid_7483,Automated claim: match detected in your upload. Policy applied per rights holder.,X-Mailer: ClaimBot/1.4; Message-ID: <khillnsgss3k@claims.umg>,no-reply@claims.umg.example
2025-08-20T12:17:40Z,C-100017,LabelAgent Co,monetize,29,54,25,vid_2411,This is to inform you that content in your video matched our reference. Monetization status updated.,X-Mailer: ClaimBot/1.4; Message-ID: <rdy0eiupa9ws@claims.umg>,no-reply@claims.umg.example
2025-08-20T12:18:22Z,C-100018,LabelAgent Co,monetize,113,116,3,vid_1804,Automated policy action based on content match. Please review claimed segments.,X-Mailer: ClaimBot/1.4; Message-ID: <zfht000mkjof@claims.umg>,no-reply@claims.umg.example
2025-08-20T12:19:35Z,C-100019,UMG Rights Ops,block,240,248,8,vid_1151,Automated notification: content match detected. You may dispute if you believe this is fair use.,X-Mailer: ClaimBot/1.4; Message-ID: <u396ala33uzv@claims.umg>,no-reply@claims.umg.example
2025-08-20T12:20:24Z,C-100020,UMG Rights Ops,monetize,506,546,40,vid_2573,Notice: Content identified via automated reference match. Monetization redirected.,X-Mailer: ClaimBot/1.4; Message-ID: <8ak660mimcy8@claims.umg>,no-reply@claims.umg.example
2025-08-20T12:21:27Z,C-100021,LabelAgent Co,monetize,181,241,60,vid_5408,Automated claim: match detected in your upload. Policy applied per rights holder.,X-Mailer: ClaimBot/1.4; Message-ID: <mmwr9fxrdvpt@claims.umg>,no-reply@claims.umg.example
2025-08-20T12:22:22Z,C-100022,LabelAgent Co,monetize,151,191,40,vid_5441,This is to inform you that content in your video matched our reference. Monetization status updated.,X-Mailer: ClaimBot/1.4; Message-ID: <pxb6ws71sf2t@claims.umg>,no-reply@claims.umg.example
2025-08-20T12:23:04Z,C-100023,LabelAgent Co,monetize,429,454,25,vid_2578,Automated policy action based on content match. Please review claimed segments.,X-Mailer: ClaimBot/1.4; Message-ID: <a7yusq2u7d4r@claims.umg>,no-reply@claims.umg.example
2025-08-20T12:24:39Z,C-100024,UMG Rights Ops,track,129,154,25,vid_7138,Automated notification: content match detected. You may dispute if you believe this is fair use.,X-Mailer: ClaimBot/1.4; Message-ID: <lf4b3qtz93tq@claims.umg>,no-reply@claims.umg.example
2025-08-20T12:25:24Z,C-100025,LabelAgent Co,track,14,39,25,vid_3914,Notice: Content identified via automated reference match. Monetization redirected.,X-Mailer: ClaimBot/1.4; Message-ID: <hi1u2mco6i1n@claims.umg>,no-reply@claims.umg.example
2025-08-20T12:26:01Z,C-100026,UMG Rights Ops,monetize,582,587,5,vid_9008,Automated claim: match detected in your upload. Policy applied per rights holder.,X-Mailer: ClaimBot/1.4; Message-ID: <g2fkbv1a1g40@claims.umg>,no-reply@claims.umg.example
2025-08-20T12:27:10Z,C-100027,UMG Rights Ops,monetize,322,362,40,vid_7238,This is to inform you that content in your video matched our reference. Monetization status updated.,X-Mailer: ClaimBot/1.4; Message-ID: <3pol1divyirn@claims.umg>,no-reply@claims.umg.example
2025-08-20T12:28:02Z,C-100028,UMG Rights Ops,monetize,401,406,5,vid_2274,Automated policy action based on content match. Please review claimed segments.,X-Mailer: ClaimBot/1.4; Message-ID: <cwg4df352q8j@claims.umg>,no-reply@claims.umg.example
2025-08-20T12:29:26Z,C-100029,UMG Automations LLC,track,162,170,8,vid_1284,Automated notification: content match detected. You may dispute if you believe this is fair use.,X-Mailer: ClaimBot/1.4; Message-ID: <ckapwuty0lk8@claims.umg>,no-reply@claims.umg.example
2025-08-20T12:35:29Z,C-100030,UMG Rights Ops,track,433,436,3,vid_6907,Notice: Content identified via automated reference match. Monetization redirected.,X-Mailer: ClaimBot/1.4; Message-ID: <w08h18q5uksc@claims.umg>,no-reply@claims.umg.example
2025-08-20T12:36:10Z,C-100031,UMG Rights Ops,monetize,288,313,25,vid_3465,Automated claim: match detected in your upload. Policy applied per rights holder.,X-Mailer: ClaimBot/1.4; Message-ID: <7b3vhl3v4n1r@claims.umg>,no-reply@claims.umg.example
2025-08-20T12:37:19Z,C-100032,UMG Automations LLC,monetize,426,444,18,vid_3789,This is to inform you that content in your video matched our reference. Monetization status updated.,X-Mailer: ClaimBot/1.4; Message-ID: <lrc16kcnu46g@claims.umg>,no-reply@claims.umg.example
2025-08-20T12:38:02Z,C-100033,UMG Automations LLC,monetize,254,259,5,vid_4507,Automated policy action based on content match. Please review claimed segments.,X-Mailer: ClaimBot/1.4; Message-ID: <6l7zzh96vxww@claims.umg>,no-reply@claims.umg.example
2025-08-20T12:39:30Z,C-100034,LabelAgent Co,monetize,453,471,18,vid_7691,Automated notification: content match detected. You may dispute if you believe this is fair use.,X-Mailer: ClaimBot/1.4; Message-ID: <qpfd3k90i0yt@claims.umg>,no-reply@claims.umg.example
2025-08-20T12:40:02Z,C-100035,UMG Automations LLC,block,242,302,60,vid_9155,Notice: Content identified via automated reference match. Monetization redirected.,X-Mailer: ClaimBot/1.4; Message-ID: <6so7desi77fl@claims.umg>,no-reply@claims.umg.example
2025-08-20T12:41:10Z,C-100036,UMG Automations LLC,monetize,107,132,25,vid_3022,Automated claim: match detected in your upload. Policy applied per rights holder.,X-Mailer: ClaimBot/1.4; Message-ID: <6r8zets6u7d1@claims.umg>,no-reply@claims.umg.example
2025-08-20T12:42:20Z,C-100037,UMG Automations LLC,monetize,98,101,3,vid_1708,This is to inform you that content in your video matched our reference. Monetization status updated.,X-Mailer: ClaimBot/1.4; Message-ID: <z6dmz9v305tr@claims.umg>,no-reply@claims.umg.example
2025-08-20T12:43:15Z,C-100038,LabelAgent Co,block,147,172,25,vid_2508,Automated policy action based on content match. Please review claimed segments.,X-Mailer: ClaimBot/1.4; Message-ID: <m9oh6lodpgln@claims.umg>,no-reply@claims.umg.example
2025-08-20T12:44:20Z,C-100039,UMG Automations LLC,monetize,512,520,8,vid_1341,Automated notification: content match detected. You may dispute if you believe this is fair use.,X-Mailer: ClaimBot/1.4; Message-ID: <v7lc51xbcn9t@claims.umg>,no-reply@claims.umg.example
2025-08-20T12:45:15Z,C-100040,UMG Automations LLC,monetize,116,128,12,vid_5137,Notice: Content identified via automated reference match. Monetization redirected.,X-Mailer: ClaimBot/1.4; Message-ID: <o7j1q3kqk1a0@claims.umg>,no-reply@claims.umg.example
2025-08-20T12:46:19Z,C-100041,UMG Rights Ops,track,477,495,18,vid_3723,Automated claim: match detected in your upload. Policy applied per rights holder.,X-Mailer: ClaimBot/1.4; Message-ID: <ptch8fo7o5s4@claims.umg>,no-reply@claims.umg.example
2025-08-20T12:47:01Z,C-100042,LabelAgent Co,track,126,129,3,vid_1732,This is to inform you that content in your video matched our reference. Monetization status updated.,X-Mailer: ClaimBot/1.4; Message-ID: <crntf0s0kyjm@claims.umg>,no-reply@claims.umg.example
2025-08-20T12:48:31Z,C-100043,UMG Rights Ops,block,211,216,5,vid_1111,Automated policy action based on content match. Please review claimed segments.,X-Mailer: ClaimBot/1.4; Message-ID: <3mf8pne0gaid@claims.umg>,no-reply@claims.umg.example
2025-08-20T12:49:24Z,C-100044,LabelAgent Co,monetize,247,259,12,vid_5775,Automated notification: content match detected. You may dispute if you believe this is fair use.,X-Mailer: ClaimBot/1.4; Message-ID: <8cmr8tg3p37f@claims.umg>,no-reply@claims.umg.example
2025-08-20T12:50:21Z,C-100045,LabelAgent Co,monetize,541,553,12,vid_9687,Notice: Content identified via automated reference match. Monetization redirected.,X-Mailer: ClaimBot/1.4; Message-ID: <a0gqobfan7s7@claims.umg>,no-reply@claims.umg.example
2025-08-20T12:51:22Z,C-100046,UMG Automations LLC,monetize,464,482,18,vid_3729,Automated claim: match detected in your upload. Policy applied per rights holder.,X-Mailer: ClaimBot/1.4; Message-ID: <gz4qhwpn5cbt@claims.umg>,no-reply@claims.umg.example
2025-08-20T12:52:07Z,C-100047,UMG Rights Ops,monetize,365,390,25,vid_7863,This is to inform you that content in your video matched our reference. Monetization status updated.,X-Mailer: ClaimBot/1.4; Message-ID: <pnz3j8dblzql@claims.umg>,no-reply@claims.umg.example
2025-08-20T12:53:26Z,C-100048,UMG Automations LLC,monetize,110,128,18,vid_6945,Automated policy action based on content match. Please review claimed segments.,X-Mailer: ClaimBot/1.4; Message-ID: <0f7kgd5qu532@claims.umg>,no-reply@claims.umg.example
2025-08-20T12:54:33Z,C-100049,UMG Rights Ops,monetize,430,470,40,vid_4633,Automated notification: content match detected. You may dispute if you believe this is fair use.,X-Mailer: ClaimBot/1.4; Message-ID: <3jdu0dppy7gs@claims.umg>,no-reply@claims.umg.example
2025-08-20T12:55:19Z,C-100050,LabelAgent Co,track,200,218,18,vid_3695,Notice: Content identified via automated reference match. Monetization redirected.,X-Mailer: ClaimBot/1.4; Message-ID: <h9uyrqtcu4rh@claims.umg>,no-reply@claims.umg.example
2025-08-20T12:56:16Z,C-100051,UMG Automations LLC,track,559,564,5,vid_8420,Automated claim: match detected in your upload. Policy applied per rights holder.,X-Mailer: ClaimBot/1.4; Message-ID: <lew107r378hx@claims.umg>,no-reply@claims.umg.example
2025-08-20T12:57:19Z,C-100052,LabelAgent Co,monetize,387,395,8,vid_7026,This is to inform you that content in your video matched our reference. Monetization status updated.,X-Mailer: ClaimBot/1.4; Message-ID: <1cjfso3iuw16@claims.umg>,no-reply@claims.umg.example
2025-08-20T12:58:33Z,C-100053,LabelAgent Co,monetize,277,302,25,vid_5098,Automated policy action based on content match. Please review claimed segments.,X-Mailer: ClaimBot/1.4; Message-ID: <7vogmeqzd5et@claims.umg>,no-reply@claims.umg.example
2025-08-20T12:59:04Z,C-100054,LabelAgent Co,track,505,545,40,vid_4332,Automated notification: content match detected. You may dispute if you believe this is fair use.,X-Mailer: ClaimBot/1.4; Message-ID: <2c5avynvs6c6@claims.umg>,no-reply@claims.umg.example
2025-08-20T13:00:34Z,C-100055,LabelAgent Co,monetize,224,232,8,vid_4468,Notice: Content identified via automated reference match. Monetization redirected.,X-Mailer: ClaimBot/1.4; Message-ID: <nn4jhbuyanh0@claims.umg>,no-reply@claims.umg.example
2025-08-20T13:01:32Z,C-100056,LabelAgent Co,monetize,172,175,3,vid_6283,Automated claim: match detected in your upload. Policy applied per rights holder.,X-Mailer: ClaimBot/1.4; Message-ID: <duhuy0nxbkgw@claims.umg>,no-reply@claims.umg.example
2025-08-20T13:02:22Z,C-100057,UMG Rights Ops,track,374,377,3,vid_4389,This is to inform you that content in your video matched our reference. Monetization status updated.,X-Mailer: ClaimBot/1.4; Message-ID: <aj29um7zh1tb@claims.umg>,no-reply@claims.umg.example
2025-08-20T13:03:12Z,C-100058,LabelAgent Co,block,540,600,60,vid_7250,Automated policy action based on content match. Please review claimed segments.,X-Mailer: ClaimBot/1.4; Message-ID: <uldepv1gx6vz@claims.umg>,no-reply@claims.umg.example
2025-08-20T13:04:04Z,C-100059,UMG Rights Ops,monetize,268,276,8,vid_2130,Automated notification: content match detected. You may dispute if you believe this is fair use.,X-Mailer: ClaimBot/1.4; Message-ID: <f30bup1oc8jx@claims.umg>,no-reply@claims.umg.example
2025-08-20T13:10:03Z,C-100060,LabelAgent Co,monetize,266,291,25,vid_7966,Notice: Content identified via automated reference match. Monetization redirected.,X-Mailer: ClaimBot/1.4; Message-ID: <yxv3e6bhrsxd@claims.umg>,no-reply@claims.umg.example
2025-08-20T13:11:14Z,C-100061,LabelAgent Co,monetize,206,266,60,vid_7076,Automated claim: match detected in your upload. Policy applied per rights holder.,X-Mailer: ClaimBot/1.4; Message-ID: <6fm4tyqqe9ay@claims.umg>,no-reply@claims.umg.example
2025-08-20T13:12:23Z,C-100062,UMG Automations LLC,monetize,98,103,5,vid_2606,This is to inform you that content in your video matched our reference. Monetization status updated.,X-Mailer: ClaimBot/1.4; Message-ID: <xmojog9hj5jc@claims.umg>,no-reply@claims.umg.example
2025-08-20T13:13:18Z,C-100063,UMG Rights Ops,track,6,66,60,vid_3274,Automated policy action based on content match. Please review claimed segments.,X-Mailer: ClaimBot/1.4; Message-ID: <629r7bxsuvkl@claims.umg>,no-reply@claims.umg.example
2025-08-20T13:14:19Z,C-100064,UMG Rights Ops,monetize,88,96,8,vid_6926,Automated notification: content match detected. You may dispute if you believe this is fair use.,X-Mailer: ClaimBot/1.4; Message-ID: <yno5ziy6pzhg@claims.umg>,no-reply@claims.umg.example
2025-08-20T13:15:09Z,C-100065,UMG Rights Ops,monetize,302,307,5,vid_3035,Notice: Content identified via automated reference match. Monetization redirected.,X-Mailer: ClaimBot/1.4; Message-ID: <axpxz2k1qwuf@claims.umg>,no-reply@claims.umg.example
2025-08-20T13:16:23Z,C-100066,UMG Rights Ops,track,325,333,8,vid_5212,Automated claim: match detected in your upload. Policy applied per rights holder.,X-Mailer: ClaimBot/1.4; Message-ID: <tvl04ohxb0wi@claims.umg>,no-reply@claims.umg.example
2025-08-20T13:17:21Z,C-100067,LabelAgent Co,monetize,489,529,40,vid_9596,This is to inform you that content in your video matched our reference. Monetization status updated.,X-Mailer: ClaimBot/1.4; Message-ID: <jz4zwm1ebot5@claims.umg>,no-reply@claims.umg.example
2025-08-20T13:18:08Z,C-100068,UMG Automations LLC,monetize,456,481,25,vid_1116,Automated policy action based on content match. Please review claimed segments.,X-Mailer: ClaimBot/1.4; Message-ID: <l6wup5k35juk@claims.umg>,no-reply@claims.umg.example
2025-08-20T13:19:39Z,C-100069,UMG Automations LLC,track,23,35,12,vid_8874,Automated notification: content match detected. You may dispute if you believe this is fair use.,X-Mailer: ClaimBot/1.4; Message-ID: <evh0oq8wrtjh@claims.umg>,no-reply@claims.umg.example
2025-08-20T13:20:39Z,C-100070,LabelAgent Co,track,461,473,12,vid_7588,Notice: Content identified via automated reference match. Monetization redirected.,X-Mailer: ClaimBot/1.4; Message-ID: <gxc1t95xr964@claims.umg>,no-reply@claims.umg.example
2025-08-20T13:21:14Z,C-100071,UMG Automations LLC,monetize,223,248,25,vid_9201,Automated claim: match detected in your upload. Policy applied per rights holder.,X-Mailer: ClaimBot/1.4; Message-ID: <8x8wsdewdet8@claims.umg>,no-reply@claims.umg.example
2025-08-20T13:22:10Z,C-100072,UMG Rights Ops,monetize,172,190,18,vid_7270,This is to inform you that content in your video matched our reference. Monetization status updated.,X-Mailer: ClaimBot/1.4; Message-ID: <qnjxq8iga4g5@claims.umg>,no-reply@claims.umg.example
2025-08-20T13:23:23Z,C-100073,UMG Automations LLC,track,505,565,60,vid_9772,Automated policy action based on content match. Please review claimed segments.,X-Mailer: ClaimBot/1.4; Message-ID: <bevbgnmaa18x@claims.umg>,no-reply@claims.umg.example
2025-08-20T13:24:40Z,C-100074,LabelAgent Co,monetize,35,40,5,vid_6146,Automated notification: content match detected. You may dispute if you believe this is fair use.,X-Mailer: ClaimBot/1.4; Message-ID: <xujczll1k2mo@claims.umg>,no-reply@claims.umg.example
2025-08-20T13:25:04Z,C-100075,UMG Rights Ops,monetize,288,300,12,vid_6511,Notice: Content identified via automated reference match. Monetization redirected.,X-Mailer: ClaimBot/1.4; Message-ID: <7iw2snc5mpew@claims.umg>,no-reply@claims.umg.example
2025-08-20T13:26:08Z,C-100076,UMG Automations LLC,monetize,583,643,60,vid_6907,Automated claim: match detected in your upload. Policy applied per rights holder.,X-Mailer: ClaimBot/1.4; Message-ID: <ai6fm1kxnkz8@claims.umg>,no-reply@claims.umg.example
2025-08-20T13:27:08Z,C-100077,UMG Rights Ops,track,129,141,12,vid_2016,This is to inform you that content in your video matched our reference. Monetization status updated.,X-Mailer: ClaimBot/1.4; Message-ID: <0ws8c5kvlsfb@claims.umg>,no-reply@claims.umg.example
2025-08-20T13:28:38Z,C-100078,LabelAgent Co,track,50,90,40,vid_7750,Automated policy action based on content match. Please review claimed segments.,X-Mailer: ClaimBot/1.4; Message-ID: <lztyjhnlw5j5@claims.umg>,no-reply@claims.umg.example
2025-08-20T13:29:13Z,C-100079,LabelAgent Co,track,296,308,12,vid_5022,Automated notification: content match detected. You may dispute if you believe this is fair use.,X-Mailer: ClaimBot/1.4; Message-ID: <0711tv8fjkdv@claims.umg>,no-reply@claims.umg.example
2025-08-20T13:30:07Z,C-100080,LabelAgent Co,monetize,354,357,3,vid_7540,Notice: Content identified via automated reference match. Monetization redirected.,X-Mailer: ClaimBot/1.4; Message-ID: <fjdcs7jfy9ob@claims.umg>,no-reply@claims.umg.example
2025-08-20T13:31:30Z,C-100081,LabelAgent Co,monetize,393,401,8,vid_5701,Automated claim: match detected in your upload. Policy applied per rights holder.,X-Mailer: ClaimBot/1.4; Message-ID: <ldhn53ttecx2@claims.umg>,no-reply@claims.umg.example
2025-08-20T13:32:09Z,C-100082,UMG Automations LLC,monetize,190,202,12,vid_3595,This is to inform you that content in your video matched our reference. Monetization status updated.,X-Mailer: ClaimBot/1.4; Message-ID: <yu4g1rwopd4d@claims.umg>,no-reply@claims.umg.example
2025-08-20T13:33:40Z,C-100083,UMG Automations LLC,monetize,225,230,5,vid_2861,Automated policy action based on content match. Please review claimed segments.,X-Mailer: ClaimBot/1.4; Message-ID: <ehjme3m206fs@claims.umg>,no-reply@claims.umg.example
2025-08-20T13:34:19Z,C-100084,UMG Automations LLC,monetize,293,305,12,vid_6438,Automated notification: content match detected. You may dispute if you believe this is fair use.,X-Mailer: ClaimBot/1.4; Message-ID: <7fcw9wkv54a4@claims.umg>,no-reply@claims.umg.example
2025-08-20T13:35:33Z,C-100085,UMG Rights Ops,track,186,246,60,vid_1609,Notice: Content identified via automated reference match. Monetization redirected.,X-Mailer: ClaimBot/1.4; Message-ID: <ubhba8x5dv6y@claims.umg>,no-reply@claims.umg.example
2025-08-20T13:36:29Z,C-100086,UMG Rights Ops,monetize,231,239,8,vid_5542,Automated claim: match detected in your upload. Policy applied per rights holder.,X-Mailer: ClaimBot/1.4; Message-ID: <dhersugzwynk@claims.umg>,no-reply@claims.umg.example
2025-08-20T13:37:09Z,C-100087,UMG Rights Ops,monetize,53,93,40,vid_7715,This is to inform you that content in your video matched our reference. Monetization status updated.,X-Mailer: ClaimBot/1.4; Message-ID: <i820d0o27991@claims.umg>,no-reply@claims.umg.example
2025-08-20T13:38:02Z,C-100088,UMG Automations LLC,track,537,597,60,vid_9938,Automated policy action based on content match. Please review claimed segments.,X-Mailer: ClaimBot/1.4; Message-ID: <fbunsv4pg72x@claims.umg>,no-reply@claims.umg.example
2025-08-20T13:39:35Z,C-100089,UMG Automations LLC,monetize,352,364,12,vid_6631,Automated notification: content match detected. You may dispute if you believe this is fair use.,X-Mailer: ClaimBot/1.4; Message-ID: <g94hp3xnjz2h@claims.umg>,no-reply@claims.umg.example
2025-08-20T13:45:26Z,C-100090,LabelAgent Co,monetize,556,561,5,vid_1169,Notice: Content identified via automated reference match. Monetization redirected.,X-Mailer: ClaimBot/1.4; Message-ID: <pb7mluzyxne2@claims.umg>,no-reply@claims.umg.example
2025-08-20T13:46:23Z,C-100091,UMG Automations LLC,monetize,410,422,12,vid_5194,Automated claim: match detected in your upload. Policy applied per rights holder.,X-Mailer: ClaimBot/1.4; Message-ID: <q92laakrht40@claims.umg>,no-reply@claims.umg.example
2025-08-20T13:47:25Z,C-100092,UMG Rights Ops,monetize,503,543,40,vid_1987,This is to inform you that content in your video matched our reference. Monetization status updated.,X-Mailer: ClaimBot/1.4; Message-ID: <510t26rcgnz8@claims.umg>,no-reply@claims.umg.example
2025-08-20T13:48:06Z,C-100093,UMG Rights Ops,monetize,28,68,40,vid_7197,Automated policy action based on content match. Please review claimed segments.,X-Mailer: ClaimBot/1.4; Message-ID: <pk689li3kx77@claims.umg>,no-reply@claims.umg.example
2025-08-20T13:49:13Z,C-100094,UMG Rights Ops,block,279,297,18,vid_1219,Automated notification: content match detected. You may dispute if you believe this is fair use.,X-Mailer: ClaimBot/1.4; Message-ID: <u3l7tndcthru@claims.umg>,no-reply@claims.umg.example
2025-08-20T13:50:39Z,C-100095,LabelAgent Co,monetize,100,105,5,vid_9277,Notice: Content identified via automated reference match. Monetization redirected.,X-Mailer: ClaimBot/1.4; Message-ID: <ip7wzua6zg4j@claims.umg>,no-reply@claims.umg.example
2025-08-20T13:51:00Z,C-100096,LabelAgent Co,track,51,59,8,vid_2498,Automated claim: match detected in your upload. Policy applied per rights holder.,X-Mailer: ClaimBot/1.4; Message-ID: <v6ay01prflv5@claims.umg>,no-reply@claims.umg.example
2025-08-20T13:52:11Z,C-100097,UMG Rights Ops,monetize,167,172,5,vid_7239,This is to inform you that content in your video matched our reference. Monetization status updated.,X-Mailer: ClaimBot/1.4; Message-ID: <0a04qrqltxrr@claims.umg>,no-reply@claims.umg.example
2025-08-20T13:53:37Z,C-100098,UMG Automations LLC,track,542,560,18,vid_4760,Automated policy action based on content match. Please review claimed segments.,X-Mailer: ClaimBot/1.4; Message-ID: <3ozw9pgpje7b@claims.umg>,no-reply@claims.umg.example
2025-08-20T13:54:32Z,C-100099,UMG Automations LLC,track,364,376,12,vid_8203,Automated notification: content match detected. You may dispute if you believe this is fair use.,X-Mailer: ClaimBot/1.4; Message-ID: <vlo5hgpyq775@claims.umg>,no-reply@claims.umg.example
2025-08-20T13:55:00Z,C-100100,UMG Automations LLC,monetize,591,596,5,vid_9999,Notice: Content identified via automated reference match. Monetization redirected.,X-Mailer: ClaimBot/1.4; Message-ID: <t6eied7kpqm1@claims.umg>,no-reply@claims.umg.example
2025-08-20T13:56:28Z,C-100101,UMG Automations LLC,track,503,521,18,vid_1216,Automated claim: match detected in your upload. Policy applied per rights holder.,X-Mailer: ClaimBot/1.4; Message-ID: <2ecof3dqow5z@claims.umg>,no-reply@claims.umg.example
2025-08-20T13:57:21Z,C-100102,UMG Automations LLC,monetize,184,192,8,vid_7048,This is to inform you that content in your video matched our reference. Monetization status updated.,X-Mailer: ClaimBot/1.4; Message-ID: <p0ld7ehc2szg@claims.umg>,no-reply@claims.umg.example
2025-08-20T13:58:38Z,C-100103,UMG Rights Ops,monetize,565,568,3,vid_1038,Automated policy action based on content match. Please review claimed segments.,X-Mailer: ClaimBot/1.4; Message-ID: <n9mgz7iv76yd@claims.umg>,no-reply@claims.umg.example
2025-08-20T13:59:27Z,C-100104,UMG Automations LLC,track,31,34,3,vid_1297,Automated notification: content match detected. You may dispute if you believe this is fair use.,X-Mailer: ClaimBot/1.4; Message-ID: <cytm2tkkom5h@claims.umg>,no-reply@claims.umg.example
2025-08-20T14:00:26Z,C-100105,UMG Automations LLC,monetize,72,97,25,vid_4476,Notice: Content identified via automated reference match. Monetization redirected.,X-Mailer: ClaimBot/1.4; Message-ID: <6iba2i9uy3ik@claims.umg>,no-reply@claims.umg.example
2025-08-20T14:01:00Z,C-100106,UMG Rights Ops,track,37,55,18,vid_2902,Automated claim: match detected in your upload. Policy applied per rights holder.,X-Mailer: ClaimBot/1.4; Message-ID: <4p9ldaxtj3lh@claims.umg>,no-reply@claims.umg.example
2025-08-20T14:02:18Z,C-100107,LabelAgent Co,track,195,198,3,vid_2720,This is to inform you that content in your video matched our reference. Monetization status updated.,X-Mailer: ClaimBot/1.4; Message-ID: <ral59jponlnz@claims.umg>,no-reply@claims.umg.example
2025-08-20T14:03:16Z,C-100108,UMG Rights Ops,monetize,594,602,8,vid_5490,Automated policy action based on content match. Please review claimed segments.,X-Mailer: ClaimBot/1.4; Message-ID: <mqk6xvfnw83u@claims.umg>,no-reply@claims.umg.example
2025-08-20T14:04:01Z,C-100109,UMG Rights Ops,monetize,498,558,60,vid_5561,Automated notification: content match detected. You may dispute if you believe this is fair use.,X-Mailer: ClaimBot/1.4; Message-ID: <7v3vavigetql@claims.umg>,no-reply@claims.umg.example
2025-08-20T14:05:38Z,C-100110,LabelAgent Co,block,52,92,40,vid_9066,Notice: Content identified via automated reference match. Monetization redirected.,X-Mailer: ClaimBot/1.4; Message-ID: <7p260fbe7hzk@claims.umg>,no-reply@claims.umg.example
2025-08-20T14:06:28Z,C-100111,UMG Rights Ops,track,359,364,5,vid_6729,Automated claim: match detected in your upload. Policy applied per rights holder.,X-Mailer: ClaimBot/1.4; Message-ID: <91laa9sct1sq@claims.umg>,no-reply@claims.umg.example
2025-08-20T14:07:07Z,C-100112,LabelAgent Co,track,247,307,60,vid_8416,This is to inform you that content in your video matched our reference. Monetization status updated.,X-Mailer: ClaimBot/1.4; Message-ID: <vzi5bzgfard8@claims.umg>,no-reply@claims.umg.example
2025-08-20T14:08:01Z,C-100113,UMG Automations LLC,monetize,333,358,25,vid_2999,Automated policy action based on content match. Please review claimed segments.,X-Mailer: ClaimBot/1.4; Message-ID: <axk4yledx57d@claims.umg>,no-reply@claims.umg.example
2025-08-20T14:09:14Z,C-100114,LabelAgent Co,monetize,480,483,3,vid_7249,Automated notification: content match detected. You may dispute if you believe this is fair use.,X-Mailer: ClaimBot/1.4; Message-ID: <261a0fsgm1mm@claims.umg>,no-reply@claims.umg.example
2025-08-20T14:10:33Z,C-100115,UMG Rights Ops,monetize,14,22,8,vid_6271,Notice: Content identified via automated reference match. Monetization redirected.,X-Mailer: ClaimBot/1.4; Message-ID: <oq5t99pjraod@claims.umg>,no-reply@claims.umg.example
2025-08-20T14:11:11Z,C-100116,UMG Rights Ops,monetize,114,174,60,vid_1331,Automated claim: match detected in your upload. Policy applied per rights holder.,X-Mailer: ClaimBot/1.4; Message-ID: <uupck9qn9mbt@claims.umg>,no-reply@claims.umg.example
2025-08-20T14:12:22Z,C-100117,UMG Rights Ops,track,114,139,25,vid_2949,This is to inform you that content in your video matched our reference. Monetization status updated.,X-Mailer: ClaimBot/1.4; Message-ID: <j127xguut0d5@claims.umg>,no-reply@claims.umg.example
2025-08-20T14:13:17Z,C-100118,UMG Automations LLC,monetize,347,365,18,vid_4834,Automated policy action based on content match. Please review claimed segments.,X-Mailer: ClaimBot/1.4; Message-ID: <22nbiwd3v71w@claims.umg>,no-reply@claims.umg.example
2025-08-20T14:14:16Z,C-100119,UMG Automations LLC,block,442,450,8,vid_2419,Automated notification: content match detected. You may dispute if you believe this is fair use.,X-Mailer: ClaimBot/1.4; Message-ID: <k73rldghgm2r@claims.umg>,no-reply@claims.umg.example
2025-08-20T14:20:30Z,C-100120,UMG Automations LLC,track,221,239,18,vid_6955,Notice: Content identified via automated reference match. Monetization redirected.,X-Mailer: ClaimBot/1.4; Message-ID: <2cvkaesrer9e@claims.umg>,no-reply@claims.umg.example
2025-08-20T14:21:26Z,C-100121,LabelAgent Co,monetize,520,580,60,vid_1143,Automated claim: match detected in your upload. Policy applied per rights holder.,X-Mailer: ClaimBot/1.4; Message-ID: <fotm17c1oqlk@claims.umg>,no-reply@claims.umg.example
2025-08-20T14:22:30Z,C-100122,UMG Rights Ops,monetize,369,429,60,vid_5032,This is to inform you that content in your video matched our reference. Monetization status updated.,X-Mailer: ClaimBot/1.4; Message-ID: <8hn1g65uee0y@claims.umg>,no-reply@claims.umg.example
2025-08-20T14:23:32Z,C-100123,UMG Rights Ops,monetize,222,282,60,vid_1397,Automated policy action based on content match. Please review claimed segments.,X-Mailer: ClaimBot/1.4; Message-ID: <4yy1idlhx60n@claims.umg>,no-reply@claims.umg.example
2025-08-20T14:24:33Z,C-100124,UMG Automations LLC,monetize,464,489,25,vid_7338,Automated notification: content match detected. You may dispute if you believe this is fair use.,X-Mailer: ClaimBot/1.4; Message-ID: <8apj99a135rm@claims.umg>,no-reply@claims.umg.example
2025-08-20T14:25:12Z,C-100125,UMG Automations LLC,track,359,399,40,vid_3768,Notice: Content identified via automated reference match. Monetization redirected.,X-Mailer: ClaimBot/1.4; Message-ID: <3qv3do7m8fl7@claims.umg>,no-reply@claims.umg.example
2025-08-20T14:26:30Z,C-100126,UMG Rights Ops,track,296,356,60,vid_4041,Automated claim: match detected in your upload. Policy applied per rights holder.,X-Mailer: ClaimBot/1.4; Message-ID: <vqnts4lyxs43@claims.umg>,no-reply@claims.umg.example
2025-08-20T14:27:25Z,C-100127,UMG Automations LLC,monetize,419,424,5,vid_7949,This is to inform you that content in your video matched our reference. Monetization status updated.,X-Mailer: ClaimBot/1.4; Message-ID: <88790svkmbo6@claims.umg>,no-reply@claims.umg.example
2025-08-20T14:28:30Z,C-100128,LabelAgent Co,monetize,341,381,40,vid_7242,Automated policy action based on content match. Please review claimed segments.,X-Mailer: ClaimBot/1.4; Message-ID: <wjf9sxamdhqn@claims.umg>,no-reply@claims.umg.example
2025-08-20T14:29:23Z,C-100129,UMG Rights Ops,monetize,19,37,18,vid_7109,Automated notification: content match detected. You may dispute if you believe this is fair use.,X-Mailer: ClaimBot/1.4; Message-ID: <6ra5l57ghb4k@claims.umg>,no-reply@claims.umg.example
2025-08-20T14:30:38Z,C-100130,UMG Automations LLC,monetize,185,188,3,vid_7076,Notice: Content identified via automated reference match. Monetization redirected.,X-Mailer: ClaimBot/1.4; Message-ID: <xmrvgqz9wjx3@claims.umg>,no-reply@claims.umg.example
2025-08-20T14:31:00Z,C-100131,UMG Automations LLC,monetize,595,620,25,vid_7127,Automated claim: match detected in your upload. Policy applied per rights holder.,X-Mailer: ClaimBot/1.4; Message-ID: <3pv9bsno6324@claims.umg>,no-reply@claims.umg.example
2025-08-20T14:32:32Z,C-100132,UMG Rights Ops,monetize,437,449,12,vid_4560,This is to inform you that content in your video matched our reference. Monetization status updated.,X-Mailer: ClaimBot/1.4; Message-ID: <7j5361pu0byt@claims.umg>,no-reply@claims.umg.example
2025-08-20T14:33:34Z,C-100133,LabelAgent Co,monetize,273,313,40,vid_4859,Automated policy action based on content match. Please review claimed segments.,X-Mailer: ClaimBot/1.4; Message-ID: <yvt85t5j4ge6@claims.umg>,no-reply@claims.umg.example
2025-08-20T14:34:26Z,C-100134,UMG Automations LLC,monetize,375,393,18,vid_3281,Automated notification: content match detected. You may dispute if you believe this is fair use.,X-Mailer: ClaimBot/1.4; Message-ID: <pnwdd43as1ct@claims.umg>,no-reply@claims.umg.example
2025-08-20T14:35:11Z,C-100135,UMG Automations LLC,monetize,203,206,3,vid_9194,Notice: Content identified via automated reference match. Monetization redirected.,X-Mailer: ClaimBot/1.4; Message-ID: <1wx56dhlhd81@claims.umg>,no-reply@claims.umg.example
2025-08-20T14:36:35Z,C-100136,UMG Rights Ops,track,434,459,25,vid_1800,Automated claim: match detected in your upload. Policy applied per rights holder.,X-Mailer: ClaimBot/1.4; Message-ID: <l10g4aauo0in@claims.umg>,no-reply@claims.umg.example
2025-08-20T14:37:21Z,C-100137,LabelAgent Co,track,70,82,12,vid_7593,This is to inform you that content in your video matched our reference. Monetization status updated.,X-Mailer: ClaimBot/1.4; Message-ID: <aj1obtgnsg4g@claims.umg>,no-reply@claims.umg.example
2025-08-20T14:38:39Z,C-100138,LabelAgent Co,track,343,368,25,vid_8710,Automated policy action based on content match. Please review claimed segments.,X-Mailer: ClaimBot/1.4; Message-ID: <mk1ybs7bnsxl@claims.umg>,no-reply@claims.umg.example
2025-08-20T14:39:02Z,C-100139,LabelAgent Co,monetize,133,145,12,vid_5925,Automated notification: content match detected. You may dispute if you believe this is fair use.,X-Mailer: ClaimBot/1.4; Message-ID: <wg2s6izuz3l0@claims.umg>,no-reply@claims.umg.example
2025-08-20T14:40:31Z,C-100140,UMG Rights Ops,monetize,84,92,8,vid_7219,Notice: Content identified via automated reference match. Monetization redirected.,X-Mailer: ClaimBot/1.4; Message-ID: <uexcpvsybyo1@claims.umg>,no-reply@claims.umg.example
2025-08-20T14:41:06Z,C-100141,UMG Automations LLC,monetize,8,33,25,vid_7589,Automated claim: match detected in your upload. Policy applied per rights holder.,X-Mailer: ClaimBot/1.4; Message-ID: <bjfu3nnzcb0n@claims.umg>,no-reply@claims.umg.example
2025-08-20T14:42:17Z,C-100142,UMG Rights Ops,monetize,21,24,3,vid_8004,This is to inform you that content in your video matched our reference. Monetization status updated.,X-Mailer: ClaimBot/1.4; Message-ID: <uyy1uo499xms@claims.umg>,no-reply@claims.umg.example
2025-08-20T14:43:40Z,C-100143,LabelAgent Co,monetize,118,158,40,vid_5899,Automated policy action based on content match. Please review claimed segments.,X-Mailer: ClaimBot/1.4; Message-ID: <vb8svtplkx8x@claims.umg>,no-reply@claims.umg.example
2025-08-20T14:44:11Z,C-100144,UMG Automations LLC,monetize,42,50,8,vid_1865,Automated notification: content match detected. You may dispute if you believe this is fair use.,X-Mailer: ClaimBot/1.4; Message-ID: <uu5mh8arezzp@claims.umg>,no-reply@claims.umg.example
2025-08-20T14:45:25Z,C-100145,UMG Automations LLC,monetize,393,433,40,vid_9783,Notice: Content identified via automated reference match. Monetization redirected.,X-Mailer: ClaimBot/1.4; Message-ID: <1fe63lygc5fn@claims.umg>,no-reply@claims.umg.example
2025-08-20T14:46:22Z,C-100146,UMG Rights Ops,block,12,17,5,vid_2144,Automated claim: match detected in your upload. Policy applied per rights holder.,X-Mailer: ClaimBot/1.4; Message-ID: <yf0xf3xn9ccs@claims.umg>,no-reply@claims.umg.example
2025-08-20T14:47:29Z,C-100147,UMG Rights Ops,monetize,397,415,18,vid_6211,This is to inform you that content in your video matched our reference. Monetization status updated.,X-Mailer: ClaimBot/1.4; Message-ID: <0op1how3wp9c@claims.umg>,no-reply@claims.umg.example
2025-08-20T14:48:25Z,C-100148,LabelAgent Co,monetize,210,218,8,vid_6257,Automated policy action based on content match. Please review claimed segments.,X-Mailer: ClaimBot/1.4; Message-ID: <qkyphhrjo0j0@claims.umg>,no-reply@claims.umg.example
2025-08-20T14:49:22Z,C-100149,LabelAgent Co,monetize,220,245,25,vid_3394,Automated notification: content match detected. You may dispute if you believe this is fair use.,X-Mailer: ClaimBot/1.4; Message-ID: <he09gfyd2cc5@claims.umg>,no-reply@claims.umg.example
2025-08-20T14:55:34Z,C-100150,UMG Automations LLC,monetize,425,443,18,vid_2854,Notice: Content identified via automated reference match. Monetization redirected.,X-Mailer: ClaimBot/1.4; Message-ID: <qe43eezued4l@claims.umg>,no-reply@claims.umg.example
2025-08-20T14:56:06Z,C-100151,UMG Rights Ops,monetize,76,81,5,vid_3952,Automated claim: match detected in your upload. Policy applied per rights holder.,X-Mailer: ClaimBot/1.4; Message-ID: <14yrq62a4fly@claims.umg>,no-reply@claims.umg.example
2025-08-20T14:57:11Z,C-100152,UMG Automations LLC,monetize,139,142,3,vid_6094,This is to inform you that content in your video matched our reference. Monetization status updated.,X-Mailer: ClaimBot/1.4; Message-ID: <ana82t73yyt4@claims.umg>,no-reply@claims.umg.example
2025-08-20T14:58:27Z,C-100153,UMG Rights Ops,monetize,20,25,5,vid_7842,Automated policy action based on content match. Please review claimed segments.,X-Mailer: ClaimBot/1.4; Message-ID: <mf206hpx2tzy@claims.umg>,no-reply@claims.umg.example
2025-08-20T14:59:38Z,C-100154,UMG Automations LLC,track,572,590,18,vid_9069,Automated notification: content match detected. You may dispute if you believe this is fair use.,X-Mailer: ClaimBot/1.4; Message-ID: <hsojjuqtocl6@claims.umg>,no-reply@claims.umg.example
2025-08-20T15:00:05Z,C-100155,UMG Automations LLC,monetize,266,278,12,vid_9171,Notice: Content identified via automated reference match. Monetization redirected.,X-Mailer: ClaimBot/1.4; Message-ID: <jwnus3tkbj9m@claims.umg>,no-reply@claims.umg.example
2025-08-20T15:01:36Z,C-100156,UMG Rights Ops,monetize,574,599,25,vid_2918,Automated claim: match detected in your upload. Policy applied per rights holder.,X-Mailer: ClaimBot/1.4; Message-ID: <fe0vo1jy4opf@claims.umg>,no-reply@claims.umg.example
2025-08-20T15:02:31Z,C-100157,UMG Automations LLC,track,34,74,40,vid_8026,This is to inform you that content in your video matched our reference. Monetization status updated.,X-Mailer: ClaimBot/1.4; Message-ID: <esrdgk58v0du@claims.umg>,no-reply@claims.umg.example
2025-08-20T15:03:20Z,C-100158,LabelAgent Co,monetize,149,154,5,vid_9034,Automated policy action based on content match. Please review claimed segments.,X-Mailer: ClaimBot/1.4; Message-ID: <xh16ckwlq2m8@claims.umg>,no-reply@claims.umg.example
2025-08-20T15:04:19Z,C-100159,UMG Automations LLC,track,174,177,3,vid_2163,Automated notification: content match detected. You may dispute if you believe this is fair use.,X-Mailer: ClaimBot/1.4; Message-ID: <jcvnsmywdgci@claims.umg>,no-reply@claims.umg.example
2025-08-20T15:05:33Z,C-100160,UMG Automations LLC,monetize,42,54,12,vid_5570,Notice: Content identified via automated reference match. Monetization redirected.,X-Mailer: ClaimBot/1.4; Message-ID: <qeg4pllvh4lm@claims.umg>,no-reply@claims.umg.example
2025-08-20T15:06:00Z,C-100161,UMG Rights Ops,track,124,132,8,vid_1500,Automated claim: match detected in your upload. Policy applied per rights holder.,X-Mailer: ClaimBot/1.4; Message-ID: <6zdovfg29n9e@claims.umg>,no-reply@claims.umg.example
2025-08-20T15:07:26Z,C-100162,UMG Automations LLC,monetize,378,403,25,vid_4010,This is to inform you that content in your video matched our reference. Monetization status updated.,X-Mailer: ClaimBot/1.4; Message-ID: <51mflsecejz3@claims.umg>,no-reply@claims.umg.example
2025-08-20T15:08:26Z,C-100163,UMG Automations LLC,track,213,238,25,vid_3562,Automated policy action based on content match. Please review claimed segments.,X-Mailer: ClaimBot/1.4; Message-ID: <w4ep84r4zb5a@claims.umg>,no-reply@claims.umg.example
2025-08-20T15:09:37Z,C-100164,UMG Automations LLC,monetize,282,342,60,vid_4253,Automated notification: content match detected. You may dispute if you believe this is fair use.,X-Mailer: ClaimBot/1.4; Message-ID: <jlol601hi34n@claims.umg>,no-reply@claims.umg.example
2025-08-20T15:10:08Z,C-100165,UMG Automations LLC,monetize,340,380,40,vid_6184,Notice: Content identified via automated reference match. Monetization redirected.,X-Mailer: ClaimBot/1.4; Message-ID: <5d8bm5qs42h5@claims.umg>,no-reply@claims.umg.example
2025-08-20T15:11:25Z,C-100166,LabelAgent Co,monetize,313,353,40,vid_3839,Automated claim: match detected in your upload. Policy applied per rights holder.,X-Mailer: ClaimBot/1.4; Message-ID: <caqj57so86vs@claims.umg>,no-reply@claims.umg.example
2025-08-20T15:12:15Z,C-100167,UMG Rights Ops,track,517,522,5,vid_7062,This is to inform you that content in your video matched our reference. Monetization status updated.,X-Mailer: ClaimBot/1.4; Message-ID: <eijsyin1hlb5@claims.umg>,no-reply@claims.umg.example
2025-08-20T15:13:13Z,C-100168,UMG Rights Ops,track,177,189,12,vid_6415,Automated policy action based on content match. Please review claimed segments.,X-Mailer: ClaimBot/1.4; Message-ID: <lk92evtbrhub@claims.umg>,no-reply@claims.umg.example
2025-08-20T15:14:14Z,C-100169,UMG Rights Ops,monetize,332,357,25,vid_3000,Automated notification: content match detected. You may dispute if you believe this is fair use.,X-Mailer: ClaimBot/1.4; Message-ID: <4uiw8vc36jus@claims.umg>,no-reply@claims.umg.example
2025-08-20T15:15:28Z,C-100170,UMG Automations LLC,track,264,304,40,vid_6146,Notice: Content identified via automated reference match. Monetization redirected.,X-Mailer: ClaimBot/1.4; Message-ID: <yafu3jfeb3r9@claims.umg>,no-reply@claims.umg.example
2025-08-20T15:16:28Z,C-100171,UMG Automations LLC,monetize,51,76,25,vid_6273,Automated claim: match detected in your upload. Policy applied per rights holder.,X-Mailer: ClaimBot/1.4; Message-ID: <3jx1vzvcrbfe@claims.umg>,no-reply@claims.umg.example
2025-08-20T15:17:03Z,C-100172,UMG Automations LLC,monetize,232,240,8,vid_6124,This is to inform you that content in your video matched our reference. Monetization status updated.,X-Mailer: ClaimBot/1.4; Message-ID: <hv8fichdo1vm@claims.umg>,no-reply@claims.umg.example
2025-08-20T15:18:06Z,C-100173,LabelAgent Co,track,321,333,12,vid_3059,Automated policy action based on content match. Please review claimed segments.,X-Mailer: ClaimBot/1.4; Message-ID: <xb3cplntgtlh@claims.umg>,no-reply@claims.umg.example
2025-08-20T15:19:17Z,C-100174,LabelAgent Co,monetize,533,538,5,vid_4925,Automated notification: content match detected. You may dispute if you believe this is fair use.,X-Mailer: ClaimBot/1.4; Message-ID: <f3heiu1iifb0@claims.umg>,no-reply@claims.umg.example
2025-08-20T15:20:26Z,C-100175,UMG Automations LLC,track,391,399,8,vid_3213,Notice: Content identified via automated reference match. Monetization redirected.,X-Mailer: ClaimBot/1.4; Message-ID: <7xnebsebmlvd@claims.umg>,no-reply@claims.umg.example
2025-08-20T15:21:07Z,C-100176,UMG Rights Ops,block,482,490,8,vid_6903,Automated claim: match detected in your upload. Policy applied per rights holder.,X-Mailer: ClaimBot/1.4; Message-ID: <h033u33pmkoy@claims.umg>,no-reply@claims.umg.example
2025-08-20T15:22:26Z,C-100177,UMG Rights Ops,monetize,282,287,5,vid_2417,This is to inform you that content in your video matched our reference. Monetization status updated.,X-Mailer: ClaimBot/1.4; Message-ID: <s9y5mlbgrq1i@claims.umg>,no-reply@claims.umg.example
2025-08-20T15:23:16Z,C-100178,UMG Rights Ops,monetize,560,565,5,vid_6687,Automated policy action based on content match. Please review claimed segments.,X-Mailer: ClaimBot/1.4; Message-ID: <t2io19hfck70@claims.umg>,no-reply@claims.umg.example
2025-08-20T15:24:20Z,C-100179,UMG Automations LLC,monetize,302,342,40,vid_1621,Automated notification: content match detected. You may dispute if you believe this is fair use.,X-Mailer: ClaimBot/1.4; Message-ID: <z3xk1m9re0x8@claims.umg>,no-reply@claims.umg.example
2025-08-20T15:30:13Z,C-100180,LabelAgent Co,track,46,71,25,vid_5898,Notice: Content identified via automated reference match. Monetization redirected.,X-Mailer: ClaimBot/1.4; Message-ID: <mo9x63zbtbw9@claims.umg>,no-reply@claims.umg.example
2025-08-20T15:31:34Z,C-100181,LabelAgent Co,track,221,261,40,vid_5745,Automated claim: match detected in your upload. Policy applied per rights holder.,X-Mailer: ClaimBot/1.4; Message-ID: <narbhvhx5vls@claims.umg>,no-reply@claims.umg.example
2025-08-20T15:32:01Z,C-100182,LabelAgent Co,track,71,96,25,vid_7009,This is to inform you that content in your video matched our reference. Monetization status updated.,X-Mailer: ClaimBot/1.4; Message-ID: <2xpfrkcjkx21@claims.umg>,no-reply@claims.umg.example
2025-08-20T15:33:10Z,C-100183,UMG Automations LLC,block,97,109,12,vid_7108,Automated policy action based on content match. Please review claimed segments.,X-Mailer: ClaimBot/1.4; Message-ID: <qzj10qd0maf5@claims.umg>,no-reply@claims.umg.example
2025-08-20T15:34:05Z,C-100184,LabelAgent Co,monetize,39,51,12,vid_3870,Automated notification: content match detected. You may dispute if you believe this is fair use.,X-Mailer: ClaimBot/1.4; Message-ID: <dl2gvry21jbg@claims.umg>,no-reply@claims.umg.example
2025-08-20T15:35:06Z,C-100185,UMG Rights Ops,monetize,11,16,5,vid_4965,Notice: Content identified via automated reference match. Monetization redirected.,X-Mailer: ClaimBot/1.4; Message-ID: <86wms83kr97f@claims.umg>,no-reply@claims.umg.example
2025-08-20T15:36:00Z,C-100186,LabelAgent Co,monetize,194,254,60,vid_8098,Automated claim: match detected in your upload. Policy applied per rights holder.,X-Mailer: ClaimBot/1.4; Message-ID: <lirg4an5z42z@claims.umg>,no-reply@claims.umg.example
2025-08-20T15:37:21Z,C-100187,UMG Rights Ops,track,459,519,60,vid_7727,This is to inform you that content in your video matched our reference. Monetization status updated.,X-Mailer: ClaimBot/1.4; Message-ID: <xlffsx3ogpuh@claims.umg>,no-reply@claims.umg.example
2025-08-20T15:38:07Z,C-100188,UMG Rights Ops,monetize,532,544,12,vid_5622,Automated policy action based on content match. Please review claimed segments.,X-Mailer: ClaimBot/1.4; Message-ID: <u4t2avyai5ud@claims.umg>,no-reply@claims.umg.example
2025-08-20T15:39:10Z,C-100189,LabelAgent Co,monetize,126,144,18,vid_3715,Automated notification: content match detected. You may dispute if you believe this is fair use.,X-Mailer: ClaimBot/1.4; Message-ID: <6soyywg2nmtg@claims.umg>,no-reply@claims.umg.example
2025-08-20T15:40:26Z,C-100190,LabelAgent Co,monetize,383,401,18,vid_6654,Notice: Content identified via automated reference match. Monetization redirected.,X-Mailer: ClaimBot/1.4; Message-ID: <mzdbks8ioeqk@claims.umg>,no-reply@claims.umg.example
2025-08-20T15:41:06Z,C-100191,UMG Rights Ops,monetize,11,36,25,vid_3215,Automated claim: match detected in your upload. Policy applied per rights holder.,X-Mailer: ClaimBot/1.4; Message-ID: <fvk4ddf3db22@claims.umg>,no-reply@claims.umg.example
2025-08-20T15:42:37Z,C-100192,UMG Automations LLC,track,376,401,25,vid_6463,This is to inform you that content in your video matched our reference. Monetization status updated.,X-Mailer: ClaimBot/1.4; Message-ID: <m8j992zhh9ui@claims.umg>,no-reply@claims.umg.example
2025-08-20T15:43:37Z,C-100193,UMG Automations LLC,monetize,113,173,60,vid_2466,Automated policy action based on content match. Please review claimed segments.,X-Mailer: ClaimBot/1.4; Message-ID: <4vjcv3fgnyj7@claims.umg>,no-reply@claims.umg.example
2025-08-20T15:44:40Z,C-100194,LabelAgent Co,monetize,171,183,12,vid_1923,Automated notification: content match detected. You may dispute if you believe this is fair use.,X-Mailer: ClaimBot/1.4; Message-ID: <ndkkltoukqy2@claims.umg>,no-reply@claims.umg.example
2025-08-20T15:45:15Z,C-100195,LabelAgent Co,monetize,118,121,3,vid_4867,Notice: Content identified via automated reference match. Monetization redirected.,X-Mailer: ClaimBot/1.4; Message-ID: <i76zqy4fkskv@claims.umg>,no-reply@claims.umg.example
2025-08-20T15:46:26Z,C-100196,UMG Automations LLC,monetize,50,53,3,vid_1248,Automated claim: match detected in your upload. Policy applied per rights holder.,X-Mailer: ClaimBot/1.4; Message-ID: <5m92e50bh9bl@claims.umg>,no-reply@claims.umg.example
2025-08-20T15:47:35Z,C-100197,UMG Rights Ops,monetize,201,261,60,vid_2196,This is to inform you that content in your video matched our reference. Monetization status updated.,X-Mailer: ClaimBot/1.4; Message-ID: <2rux0ree3ik4@claims.umg>,no-reply@claims.umg.example
2025-08-20T15:48:35Z,C-100198,LabelAgent Co,track,496,504,8,vid_1444,Automated policy action based on content match. Please review claimed segments.,X-Mailer: ClaimBot/1.4; Message-ID: <912s08k4ii79@claims.umg>,no-reply@claims.umg.example
2025-08-20T15:49:25Z,C-100199,LabelAgent Co,monetize,164,182,18,vid_3732,Automated notification: content match detected. You may dispute if you believe this is fair use.,X-Mailer: ClaimBot/1.4; Message-ID: <998beaj6gdwv@claims.umg>,no-reply@claims.umg.example
